{"cameraMode":{"drawMode":0,"name":"Shaded","section":"Shading Mode"},"sceneLighting":false,"audioPlay":false,"sceneViewState":{"showFog":true,"showMaterialUpdate":false,"showSkybox":false,"showFlares":true,"showImageEffects":true,"showParticleSystems":true},"in2DMode":false,"pivot":{"x":-21.499998092651368,"y":1.247186303138733,"z":-3.743557929992676},"rotation":{"x":-0.28695085644721987,"y":0.04224314168095589,"z":-0.012636939994990826,"w":-0.9570030570030212},"size":30.666568756103517,"orthographic":true}